[
  {
    "fullName": "Zada Attwood",
    "boughtCars": 6,
    "spentMoney": 5864.70
  },
  {
    "fullName": "Emmitt Benally",
    "boughtCars": 5,
    "spentMoney": 4136.83
  },
  {
    "fullName": "Teddy Hobby",
    "boughtCars": 3,
    "spentMoney": 3153.97
  },
  {
    "fullName": "Brett Brickley",
    "boughtCars": 4,
    "spentMoney": 3097.96
  },
  {
    "fullName": "Johnette Derryberry",
    "boughtCars": 5,
    "spentMoney": 2235.62
  },
  {
    "fullName": "Daniele Zarate",
    "boughtCars": 5,
    "spentMoney": 1784.50
  },
  {
    "fullName": "Hipolito Lamoreaux",
    "boughtCars": 4,
    "spentMoney": 1554.96
  },
  {
    "fullName": "Kristian Engberg",
    "boughtCars": 3,
    "spentMoney": 1233.25
  },
  {
    "fullName": "Lino Subia",
    "boughtCars": 3,
    "spentMoney": 703.97
  },
  {
    "fullName": "Cinthia Lasala",
    "boughtCars": 3,
    "spentMoney": 641.98
  },
  {
    "fullName": "Donnetta Soliz",
    "boughtCars": 3,
    "spentMoney": 590.94
  },
  {
    "fullName": "Rico Peer",
    "boughtCars": 4,
    "spentMoney": 459.15
  },
  {
    "fullName": "Rema Revelle",
    "boughtCars": 4,
    "spentMoney": 403.91
  },
  {
    "fullName": "Francis Mckim",
    "boughtCars": 1,
    "spentMoney": 400.99
  },
  {
    "fullName": "Marcelle Griego",
    "boughtCars": 3,
    "spentMoney": 368.88
  },
  {
    "fullName": "Natalie Poli",
    "boughtCars": 3,
    "spentMoney": 366.97
  },
  {
    "fullName": "Nisha Markwell",
    "boughtCars": 3,
    "spentMoney": 282.97
  },
  {
    "fullName": "Faustina Burgher",
    "boughtCars": 2,
    "spentMoney": 254.48
  },
  {
    "fullName": "Louann Holzworth",
    "boughtCars": 3,
    "spentMoney": 245.27
  },
  {
    "fullName": "Yvonne Mccalla",
    "boughtCars": 2,
    "spentMoney": 229.98
  },
  {
    "fullName": "Ann Mcenaney",
    "boughtCars": 2,
    "spentMoney": 207.98
  },
  {
    "fullName": "Sylvie Mcelravy",
    "boughtCars": 2,
    "spentMoney": 192.98
  },
  {
    "fullName": "Carri Knapik",
    "boughtCars": 2,
    "spentMoney": 165.92
  },
  {
    "fullName": "Audrea Cardinal",
    "boughtCars": 1,
    "spentMoney": 150.99
  },
  {
    "fullName": "Jimmy Grossi",
    "boughtCars": 2,
    "spentMoney": 142.98
  },
  {
    "fullName": "Carole Witman",
    "boughtCars": 2,
    "spentMoney": 140.65
  },
  {
    "fullName": "Taina Achenbach",
    "boughtCars": 2,
    "spentMoney": 137.98
  },
  {
    "fullName": "Garret Capron",
    "boughtCars": 3,
    "spentMoney": 119.64
  },
  {
    "fullName": "Oren Perlman",
    "boughtCars": 1,
    "spentMoney": 100.90
  },
  {
    "fullName": "Hai Everton",
    "boughtCars": 2,
    "spentMoney": 14.98
  }
]