<?xml version="1.0" encoding="utf-16"?>
<Products>
  <Product>
    <name>TRAMADOL HYDROCHLORIDE</name>
    <price>516.48</price>
  </Product>
  <Product>
    <name>Allopurinol</name>
    <price>518.50</price>
    <buyer>Wallas Duffyn</buyer>
  </Product>
  <Product>
    <name>Parsley</name>
    <price>519.06</price>
    <buyer>Brendin Predohl</buyer>
  </Product>
  <Product>
    <name>equaline</name>
    <price>520.45</price>
    <buyer>Dannie Camellini</buyer>
  </Product>
  <Product>
    <name>Extra Strength Pain Reliever PM</name>
    <price>542.72</price>
    <buyer>Wendel Stannering</buyer>
  </Product>
  <Product>
    <name>Propranolol Hydrochloride</name>
    <price>546.95</price>
  </Product>
  <Product>
    <name>Prednisone</name>
    <price>550.72</price>
    <buyer>Devland Vazquez</buyer>
  </Product>
  <Product>
    <name>TERSI</name>
    <price>554.91</price>
    <buyer>Chrissy Falconbridge</buyer>
  </Product>
  <Product>
    <name>DAYWEAR PLUS MULTI PROTECTION TINTED MOISTURIZER</name>
    <price>555.12</price>
    <buyer>Vinni Capaldo</buyer>
  </Product>
  <Product>
    <name>PLANTAGO LANCEOLATA POLLEN</name>
    <price>561.68</price>
    <buyer>Seymour Greatrex</buyer>
  </Product>
  <Product>
    <name>Echinacea Quartz Gum Support</name>
    <price>570.08</price>
    <buyer>Hermine Hughland</buyer>
  </Product>
  <Product>
    <name>Topiramate</name>
    <price>578.77</price>
    <buyer>Rosy Cromley</buyer>
  </Product>
  <Product>
    <name>AIR</name>
    <price>581.69</price>
    <buyer>Hermine Hughland</buyer>
  </Product>
  <Product>
    <name>Agaricus Equisetum Special Order</name>
    <price>585.93</price>
    <buyer>Duky Bowller</buyer>
  </Product>
  <Product>
    <name>Gemcitabine</name>
    <price>594.79</price>
    <buyer>Brig Mullineux</buyer>
  </Product>
  <Product>
    <name>Ketorolac Tromethamine</name>
    <price>608.18</price>
    <buyer>Brendin Predohl</buyer>
  </Product>
  <Product>
    <name>Pleo Ginkgo</name>
    <price>613.65</price>
    <buyer>Jania Atger</buyer>
  </Product>
  <Product>
    <name>Diastat</name>
    <price>614.14</price>
    <buyer>Jacquelin Fransoni</buyer>
  </Product>
  <Product>
    <name>No7 Protect and Perfect Foundation Sunscreen Broad Spectrum SPF 15 Cool Ivory</name>
    <price>616.19</price>
    <buyer>Emiline Gingold</buyer>
  </Product>
  <Product>
    <name>Glipizide</name>
    <price>621.78</price>
    <buyer>Chrissy Falconbridge</buyer>
  </Product>
  <Product>
    <name>AMARANTHUS PALMERI POLLEN</name>
    <price>623.16</price>
    <buyer>Brendin Predohl</buyer>
  </Product>
  <Product>
    <name>Foaming Hand Sanitizer</name>
    <price>624.72</price>
    <buyer>Fianna Lathom</buyer>
  </Product>
  <Product>
    <name>ziprasidone hydrochloride</name>
    <price>628.66</price>
    <buyer>Mitchell Worboys</buyer>
  </Product>
  <Product>
    <name>AVANDAMET</name>
    <price>632.08</price>
    <buyer>Almire Ainslee</buyer>
  </Product>
  <Product>
    <name>Imipramine Hydrochloride</name>
    <price>648.69</price>
    <buyer>Vince Hills</buyer>
  </Product>
  <Product>
    <name>Childrens Allegra Allergy</name>
    <price>650.97</price>
    <buyer>Bogey Grinyov</buyer>
  </Product>
  <Product>
    <name>Strattera</name>
    <price>658.54</price>
    <buyer>Duky Bowller</buyer>
  </Product>
  <Product>
    <name>Amitiza</name>
    <price>666.58</price>
    <buyer>Wallas Duffyn</buyer>
  </Product>
  <Product>
    <name>ENBREL</name>
    <price>673.97</price>
    <buyer>Dominik Humpatch</buyer>
  </Product>
  <Product>
    <name>Ampicillin</name>
    <price>674.63</price>
  </Product>
  <Product>
    <name>PRIMAXIN</name>
    <price>686.66</price>
    <buyer>Etta Arnaudi</buyer>
  </Product>
  <Product>
    <name>CLARINS Ever Matte SPF 15 - 105 Nude</name>
    <price>696.06</price>
    <buyer>Letizia Flukes</buyer>
  </Product>
  <Product>
    <name>CALMING DIAPER RASH</name>
    <price>700.92</price>
    <buyer>Saxe Ivory</buyer>
  </Product>
  <Product>
    <name>Acnezzol Base</name>
    <price>710.60</price>
    <buyer>Vince Hills</buyer>
  </Product>
  <Product>
    <name>Prostate</name>
    <price>716.05</price>
    <buyer>Hartwell Gietz</buyer>
  </Product>
  <Product>
    <name>Pleo Lat</name>
    <price>720.08</price>
    <buyer>Crystie Feronet</buyer>
  </Product>
  <Product>
    <name>GOONG SECRET CALMING BATH</name>
    <price>742.47</price>
    <buyer>Desiri Sumption</buyer>
  </Product>
  <Product>
    <name>Warfarin Sodium</name>
    <price>770.05</price>
    <buyer>Stephine Trubshawe</buyer>
  </Product>
  <Product>
    <name>Pollens - Weeds and Garden Plants, Nettle Urtica dioica</name>
    <price>782.77</price>
    <buyer>Hartwell Gietz</buyer>
  </Product>
  <Product>
    <name>Isosorbide Mononitrate</name>
    <price>789.91</price>
    <buyer>Arel Weatherburn</buyer>
  </Product>
  <Product>
    <name>Naproxen</name>
    <price>807.22</price>
    <buyer>Margi Ellerton</buyer>
  </Product>
  <Product>
    <name>Meloxicam</name>
    <price>809.18</price>
    <buyer>Omar Jaffray</buyer>
  </Product>
  <Product>
    <name>Clarins Paris Skin Illusion - 114 cappuccino</name>
    <price>811.42</price>
    <buyer>Sal Loseby</buyer>
  </Product>
  <Product>
    <name>Azithromycin</name>
    <price>813.87</price>
    <buyer>Wallas Duffyn</buyer>
  </Product>
  <Product>
    <name>LV-FX</name>
    <price>820.87</price>
    <buyer>Ed Saxon</buyer>
  </Product>
  <Product>
    <name>IOPE SUPER VITAL</name>
    <price>824.68</price>
    <buyer>Fianna Lathom</buyer>
  </Product>
  <Product>
    <name>Aquafresh</name>
    <price>849.93</price>
    <buyer>Hartwell Gietz</buyer>
  </Product>
  <Product>
    <name>RESCRIPTOR</name>
    <price>850.52</price>
  </Product>
  <Product>
    <name>Moore Medical Sinus Pain and Pressure Relief</name>
    <price>855.39</price>
  </Product>
  <Product>
    <name>Shopko Lip Treatment</name>
    <price>861.42</price>
    <buyer>Ed Saxon</buyer>
  </Product>
  <Product>
    <name>Perrigo Benzoyl Peroxide</name>
    <price>873.24</price>
    <buyer>Margi Ellerton</buyer>
  </Product>
  <Product>
    <name>ESIKA</name>
    <price>879.37</price>
    <buyer>Hermine Hughland</buyer>
  </Product>
  <Product>
    <name>Levothyroxine Sodium</name>
    <price>885.86</price>
    <buyer>Leeland Nurdin</buyer>
  </Product>
  <Product>
    <name>EPZICOM</name>
    <price>895.65</price>
    <buyer>Hank Drinnan</buyer>
  </Product>
  <Product>
    <name>Myristica Argentum Sinus Relief</name>
    <price>904.52</price>
    <buyer>Guthrie Hallyburton</buyer>
  </Product>
  <Product>
    <name>Aspirin</name>
    <price>925.45</price>
    <buyer>Cathee Rallings</buyer>
  </Product>
  <Product>
    <name>Ranitidine</name>
    <price>926.64</price>
    <buyer>Jania Atger</buyer>
  </Product>
  <Product>
    <name>Care One Hemorrhoidal</name>
    <price>932.18</price>
    <buyer>Hermine Hughland</buyer>
  </Product>
  <Product>
    <name>Spironolactone</name>
    <price>933.69</price>
  </Product>
  <Product>
    <name>pain relief</name>
    <price>938.23</price>
    <buyer>Vince Hills</buyer>
  </Product>
  <Product>
    <name>Glipizide and Metformin Hydrochloride</name>
    <price>953.60</price>
    <buyer>Murdoch Greensted</buyer>
  </Product>
  <Product>
    <name>Metformin Hydrochloride</name>
    <price>953.99</price>
    <buyer>Sal Loseby</buyer>
  </Product>
  <Product>
    <name>Homeopathic Rheumatism</name>
    <price>967.08</price>
    <buyer>Cathee Rallings</buyer>
  </Product>
  <Product>
    <name>NEO-POLY-BAC HYDRO</name>
    <price>967.32</price>
    <buyer>Rabbi Bunten</buyer>
  </Product>
  <Product>
    <name>Clearskin</name>
    <price>968.59</price>
    <buyer>Purcell Prewett</buyer>
  </Product>
  <Product>
    <name>Dawn Ultra Antibacterial Hand</name>
    <price>969.86</price>
    <buyer>Almire Ainslee</buyer>
  </Product>
  <Product>
    <name>Megestrol Acetate</name>
    <price>976.15</price>
    <buyer>Fianna Lathom</buyer>
  </Product>
  <Product>
    <name>Smooth texture Orange flavor</name>
    <price>976.65</price>
    <buyer>Sal Loseby</buyer>
  </Product>
  <Product>
    <name>Retin-A MICRO</name>
    <price>995.98</price>
    <buyer>Purcell Prewett</buyer>
  </Product>
</Products>