<?xml version="1.0" encoding="utf-16"?>
<Users>
  <count>100</count>
  <users>
    <User>
      <firstName>Cathee</firstName>
      <lastName>Rallings</lastName>
      <age>33</age>
      <SoldProducts>
        <count>9</count>
        <products>
          <Product>
            <name>Fair Foundation SPF 15</name>
            <price>1394.24</price>
          </Product>
          <Product>
            <name>Finasteride</name>
            <price>1374.01</price>
          </Product>
          <Product>
            <name>EMEND</name>
            <price>1365.51</price>
          </Product>
          <Product>
            <name>IOPE RETIGEN MOISTURE TWIN CAKE NO.21</name>
            <price>1257.71</price>
          </Product>
          <Product>
            <name>ESIKA</name>
            <price>879.37</price>
          </Product>
          <Product>
            <name>GOONG SECRET CALMING BATH</name>
            <price>742.47</price>
          </Product>
          <Product>
            <name>allergy eye</name>
            <price>426.91</price>
          </Product>
          <Product>
            <name>Allergena</name>
            <price>109.32</price>
          </Product>
          <Product>
            <name>Glyburide</name>
            <price>95.10</price>
          </Product>
        </products>
      </SoldProducts>
    </User>
    <User>
      <firstName>Margi</firstName>
      <lastName>Ellerton</lastName>
      <age>23</age>
      <SoldProducts>
        <count>7</count>
        <products>
          <Product>
            <name>Glycopyrrolate</name>
            <price>1471.43</price>
          </Product>
          <Product>
            <name>Amitriptyline Hydrochloride</name>
            <price>1453.96</price>
          </Product>
          <Product>
            <name>Topical 60 Sec Sodium Fluoride</name>
            <price>1228.84</price>
          </Product>
          <Product>
            <name>Baza Antifungal</name>
            <price>1162.34</price>
          </Product>
          <Product>
            <name>GProducting Pains</name>
            <price>1077.37</price>
          </Product>
          <Product>
            <name>TYLENOL COLD MULTI-SYMPTOM DAYTIME</name>
            <price>1010.81</price>
          </Product>
          <Product>
            <name>Foaming Hand Sanitizer</name>
            <price>624.72</price>
          </Product>
        </products>
      </SoldProducts>
    </User>
    <User>
      <firstName>Etta</firstName>
      <lastName>Arnaudi</lastName>
      <age>32</age>
      <SoldProducts>
        <count>6</count>
        <products>
          <Product>
            <name>Flumazenil</name>
            <price>1151.37</price>
          </Product>
          <Product>
            <name>Ringers</name>
            <price>1054.37</price>
          </Product>
          <Product>
            <name>pain relief</name>
            <price>938.23</price>
          </Product>
          <Product>
            <name>Ketorolac Tromethamine</name>
            <price>608.18</price>
          </Product>
          <Product>
            <name>Agaricus Equisetum Special Order</name>
            <price>585.93</price>
          </Product>
          <Product>
            <name>Yellow Jacket hymenoptera venom Venomil Diagnostic</name>
            <price>23.58</price>
          </Product>
        </products>
      </SoldProducts>
    </User>
    <User>
      <firstName>Purcell</firstName>
      <lastName>Prewett</lastName>
      <age>47</age>
      <SoldProducts>
        <count>6</count>
        <products>
          <Product>
            <name>cough and sore throat</name>
            <price>1482.68</price>
          </Product>
          <Product>
            <name>Pollens - Trees, Birch Mix</name>
            <price>1153.54</price>
          </Product>
          <Product>
            <name>PREMIER VALUE ALLERGY</name>
            <price>1127.61</price>
          </Product>
          <Product>
            <name>smart sense nighttime cold and flu relief</name>
            <price>1101.77</price>
          </Product>
          <Product>
            <name>Prostate</name>
            <price>716.05</price>
          </Product>
          <Product>
            <name>PRIMAXIN</name>
            <price>686.66</price>
          </Product>
        </products>
      </SoldProducts>
    </User>
    <User>
      <firstName>Duky</firstName>
      <lastName>Bowller</lastName>
      <age>30</age>
      <SoldProducts>
        <count>4</count>
        <products>
          <Product>
            <name>Extra Strength Pain Reliever PM</name>
            <price>542.72</price>
          </Product>
          <Product>
            <name>Peter Island Continous sunscreen kids</name>
            <price>471.30</price>
          </Product>
          <Product>
            <name>CARBIDOPA AND LEVODOPA</name>
            <price>441.64</price>
          </Product>
          <Product>
            <name>Fluoxetine</name>
            <price>385.37</price>
          </Product>
        </products>
      </SoldProducts>
    </User>
    <User>
      <firstName>Brig</firstName>
      <lastName>Mullineux</lastName>
      <age>39</age>
      <SoldProducts>
        <count>6</count>
        <products>
          <Product>
            <name>Nevirapine</name>
            <price>1374.72</price>
          </Product>
          <Product>
            <name>NEO-POLY-BAC HYDRO</name>
            <price>967.32</price>
          </Product>
          <Product>
            <name>Homeopathic Rheumatism</name>
            <price>967.08</price>
          </Product>
          <Product>
            <name>ziprasidone hydrochloride</name>
            <price>628.66</price>
          </Product>
          <Product>
            <name>Labetalol hydrochloride</name>
            <price>436.38</price>
          </Product>
          <Product>
            <name>kirkland signature minoxidil</name>
            <price>49.17</price>
          </Product>
        </products>
      </SoldProducts>
    </User>
    <User>
      <firstName>Bernadette</firstName>
      <lastName>Ensor</lastName>
      <age>25</age>
      <SoldProducts>
        <count>5</count>
        <products>
          <Product>
            <name>Alcohol Free Antiseptic</name>
            <price>1486.07</price>
          </Product>
          <Product>
            <name>Warfarin Sodium</name>
            <price>1379.79</price>
          </Product>
          <Product>
            <name>CLARINS Ever Matte SPF 15 - 105 Nude</name>
            <price>696.06</price>
          </Product>
          <Product>
            <name>Topiramate</name>
            <price>578.77</price>
          </Product>
          <Product>
            <name>Lamotrigine Extended Release</name>
            <price>245.63</price>
          </Product>
        </products>
      </SoldProducts>
    </User>
    <User>
      <firstName>Osborn</firstName>
      <lastName>McGettigan</lastName>
      <age>28</age>
      <SoldProducts>
        <count>5</count>
        <products>
          <Product>
            <name>Effervescent Cold Relief</name>
            <price>1436.07</price>
          </Product>
          <Product>
            <name>Gemcitabine</name>
            <price>594.79</price>
          </Product>
          <Product>
            <name>Gehwol med Lipidro</name>
            <price>421.24</price>
          </Product>
          <Product>
            <name>Fexofenadine HCl and Pseudoephedrine HCI</name>
            <price>73.07</price>
          </Product>
          <Product>
            <name>ORCHID SECRET PACT</name>
            <price>59.53</price>
          </Product>
        </products>
      </SoldProducts>
    </User>
    <User>
      <firstName>Crystie</firstName>
      <lastName>Feronet</lastName>
      <age>29</age>
      <SoldProducts>
        <count>4</count>
        <products>
          <Product>
            <name>Megestrol Acetate</name>
            <price>976.15</price>
          </Product>
          <Product>
            <name>Glipizide and Metformin Hydrochloride</name>
            <price>953.60</price>
          </Product>
          <Product>
            <name>Aquafresh</name>
            <price>849.93</price>
          </Product>
          <Product>
            <name>Warfarin Sodium</name>
            <price>138.83</price>
          </Product>
        </products>
      </SoldProducts>
    </User>
    <User>
      <firstName>Penelope</firstName>
      <lastName>Soldner</lastName>
      <age>32</age>
      <SoldProducts>
        <count>4</count>
        <products>
          <Product>
            <name>Ranitidine</name>
            <price>926.64</price>
          </Product>
          <Product>
            <name>Protonix</name>
            <price>466.70</price>
          </Product>
          <Product>
            <name>Air</name>
            <price>331.53</price>
          </Product>
          <Product>
            <name>Buprenorphine hydrochloride and naloxone hydrochloride dihydrate</name>
            <price>293.33</price>
          </Product>
        </products>
      </SoldProducts>
    </User>
    <User>
      <firstName>Leeland</firstName>
      <lastName>Nurdin</lastName>
      <age>28</age>
      <SoldProducts>
        <count>4</count>
        <products>
          <Product>
            <name>Gilotrif</name>
            <price>1454.77</price>
          </Product>
          <Product>
            <name>Childrens Allegra Allergy</name>
            <price>650.97</price>
          </Product>
          <Product>
            <name>Amlodipine Besylate</name>
            <price>122.57</price>
          </Product>
          <Product>
            <name>BareMinerals Golden Tan matte</name>
            <price>110.93</price>
          </Product>
        </products>
      </SoldProducts>
    </User>
    <User>
      <firstName>Hank</firstName>
      <lastName>Drinnan</lastName>
      <age>31</age>
      <SoldProducts>
        <count>5</count>
        <products>
          <Product>
            <name>Laser Block 100</name>
            <price>1135.43</price>
          </Product>
          <Product>
            <name>Metformin Hydrochloride</name>
            <price>953.99</price>
          </Product>
          <Product>
            <name>ENBREL</name>
            <price>673.97</price>
          </Product>
          <Product>
            <name>Buprenorphine hydrochloride</name>
            <price>391.05</price>
          </Product>
          <Product>
            <name>ropinirole hydrochloride</name>
            <price>103.58</price>
          </Product>
        </products>
      </SoldProducts>
    </User>
    <User>
      <firstName>Hermine</firstName>
      <lastName>Hughland</lastName>
      <age>36</age>
      <SoldProducts>
        <count>5</count>
        <products>
          <Product>
            <name>DIPYRIDAMOLE</name>
            <price>1150.67</price>
          </Product>
          <Product>
            <name>Warfarin Sodium</name>
            <price>770.05</price>
          </Product>
          <Product>
            <name>AVANDAMET</name>
            <price>632.08</price>
          </Product>
          <Product>
            <name>Phenylephrine HCl</name>
            <price>459.89</price>
          </Product>
          <Product>
            <name>SNORING HP</name>
            <price>53.59</price>
          </Product>
        </products>
      </SoldProducts>
    </User>
    <User>
      <firstName>Wallas</firstName>
      <lastName>Duffyn</lastName>
      <age>44</age>
      <SoldProducts>
        <count>5</count>
        <products>
          <Product>
            <name>Acid Reducer</name>
            <price>1443.51</price>
          </Product>
          <Product>
            <name>SUMATRIPTAN SUCCINATE</name>
            <price>1265.94</price>
          </Product>
          <Product>
            <name>Care One Hemorrhoidal</name>
            <price>932.18</price>
          </Product>
          <Product>
            <name>Isosorbide Mononitrate</name>
            <price>789.91</price>
          </Product>
          <Product>
            <name>PANTOPRAZOLE SODIUM</name>
            <price>293.89</price>
          </Product>
        </products>
      </SoldProducts>
    </User>
    <User>
      <firstName>Stephine</firstName>
      <lastName>Trubshawe</lastName>
      <age>36</age>
      <SoldProducts>
        <count>3</count>
        <products>
          <Product>
            <name>MEDICATED DANDRUFF</name>
            <price>1351.02</price>
          </Product>
          <Product>
            <name>Nighttime Sleep Aid</name>
            <price>1217.11</price>
          </Product>
          <Product>
            <name>Shopko Lip Treatment</name>
            <price>861.42</price>
          </Product>
        </products>
      </SoldProducts>
    </User>
    <User>
      <firstName>Vivie</firstName>
      <lastName>Tyrwhitt</lastName>
      <age>29</age>
      <SoldProducts>
        <count>5</count>
        <products>
          <Product>
            <name>Etodolac</name>
            <price>1443.13</price>
          </Product>
          <Product>
            <name>Wintergreen Isopropyl Alcohol</name>
            <price>1397.57</price>
          </Product>
          <Product>
            <name>VITALUMIERE AQUA</name>
            <price>1293.09</price>
          </Product>
          <Product>
            <name>Ondansetron</name>
            <price>1249.76</price>
          </Product>
          <Product>
            <name>Aspen</name>
            <price>1046.46</price>
          </Product>
        </products>
      </SoldProducts>
    </User>
    <User>
      <firstName>Chrissy</firstName>
      <lastName>Falconbridge</lastName>
      <age>50</age>
      <SoldProducts>
        <count>4</count>
        <products>
          <Product>
            <name>Topex</name>
            <price>1258.49</price>
          </Product>
          <Product>
            <name>Retin-A MICRO</name>
            <price>995.98</price>
          </Product>
          <Product>
            <name>Aspirin</name>
            <price>925.45</price>
          </Product>
          <Product>
            <name>Meloxicam</name>
            <price>809.18</price>
          </Product>
        </products>
      </SoldProducts>
    </User>
    <User>
      <firstName>Mitchell</firstName>
      <lastName>Worboys</lastName>
      <age>39</age>
      <SoldProducts>
        <count>4</count>
        <products>
          <Product>
            <name>Ibuprofen</name>
            <price>1305.96</price>
          </Product>
          <Product>
            <name>Benazepril Hydrochloride and Hydrochlorothiazide</name>
            <price>1187.27</price>
          </Product>
          <Product>
            <name>No7 Protect and Perfect Foundation Sunscreen Broad Spectrum SPF 15 Cool Ivory</name>
            <price>616.19</price>
          </Product>
          <Product>
            <name>CHAMOMILLA</name>
            <price>37.97</price>
          </Product>
        </products>
      </SoldProducts>
    </User>
    <User>
      <firstName>Kayla</firstName>
      <lastName>Middlebrook</lastName>
      <age>22</age>
      <SoldProducts>
        <count>4</count>
        <products>
          <Product>
            <name>SEPHORA Acne-Fighting Mattifying Moisturizer</name>
            <price>1019.28</price>
          </Product>
          <Product>
            <name>Imipramine Hydrochloride</name>
            <price>648.69</price>
          </Product>
          <Product>
            <name>Etomidate</name>
            <price>393.94</price>
          </Product>
          <Product>
            <name>Metaxalone</name>
            <price>79.94</price>
          </Product>
        </products>
      </SoldProducts>
    </User>
    <User>
      <firstName>Clementius</firstName>
      <lastName>Jedrych</lastName>
      <age>33</age>
      <SoldProducts>
        <count>4</count>
        <products>
          <Product>
            <name>DIVALPROEX SODIUM</name>
            <price>1287.03</price>
          </Product>
          <Product>
            <name>LBEL Couleur Luxe Rouge Amplifier XP amplifying SPF 15</name>
            <price>1069.43</price>
          </Product>
          <Product>
            <name>Naproxen</name>
            <price>807.22</price>
          </Product>
          <Product>
            <name>Pleo Lat</name>
            <price>720.08</price>
          </Product>
        </products>
      </SoldProducts>
    </User>
    <User>
      <firstName>Sal</firstName>
      <lastName>Loseby</lastName>
      <age>46</age>
      <SoldProducts>
        <count>4</count>
        <products>
          <Product>
            <name>Archangelica Eucalyptus</name>
            <price>1334.91</price>
          </Product>
          <Product>
            <name>XtraCare Foam Antibacterial Hand Wash</name>
            <price>1251.97</price>
          </Product>
          <Product>
            <name>TERSI</name>
            <price>554.91</price>
          </Product>
          <Product>
            <name>Parsley</name>
            <price>519.06</price>
          </Product>
        </products>
      </SoldProducts>
    </User>
    <User>
      <firstName>Fianna</firstName>
      <lastName>Lathom</lastName>
      <age>48</age>
      <SoldProducts>
        <count>3</count>
        <products>
          <Product>
            <name>Clarins Paris Skin Illusion - 114 cappuccino</name>
            <price>811.42</price>
          </Product>
          <Product>
            <name>AMARANTHUS PALMERI POLLEN</name>
            <price>623.16</price>
          </Product>
          <Product>
            <name>Irbesartan and Hydrochlorothiazide</name>
            <price>308.30</price>
          </Product>
        </products>
      </SoldProducts>
    </User>
    <User>
      <firstName>Jania</firstName>
      <lastName>Atger</lastName>
      <age>21</age>
      <SoldProducts>
        <count>4</count>
        <products>
          <Product>
            <name>Allopurinol</name>
            <price>518.50</price>
          </Product>
          <Product>
            <name>Almond</name>
            <price>367.32</price>
          </Product>
          <Product>
            <name>ROPINIROLE HYDROCHLORIDE</name>
            <price>266.44</price>
          </Product>
          <Product>
            <name>Carbon Dioxide Oxygen Mixture</name>
            <price>95.49</price>
          </Product>
        </products>
      </SoldProducts>
    </User>
    <User>
      <firstName>Vince</firstName>
      <lastName>Hills</lastName>
      <age>44</age>
      <SoldProducts>
        <count>3</count>
        <products>
          <Product>
            <name>Leg Cramp Relief</name>
            <price>1345.69</price>
          </Product>
          <Product>
            <name>leader pain reliever</name>
            <price>1179.79</price>
          </Product>
          <Product>
            <name>ESIKA 3-IN-1 PRO MAKE UP FOUNDATION SPF 20 BASE DE MAQUILLAJE PARA ROSTRO 3-EN-1 PRO FPS 20</name>
            <price>1097.60</price>
          </Product>
        </products>
      </SoldProducts>
    </User>
    <User>
      <firstName>Rouvin</firstName>
      <lastName>Wilcockes</lastName>
      <age>22</age>
      <SoldProducts>
        <count>3</count>
        <products>
          <Product>
            <name>Butalbital, Aspirin and Caffeine</name>
            <price>1010.98</price>
          </Product>
          <Product>
            <name>Pollens - Weeds and Garden Plants, Scotch Broom Cytisus scoparius</name>
            <price>135.82</price>
          </Product>
          <Product>
            <name>LANEIGE MYSTIC VEIL FOUNDATION</name>
            <price>20.86</price>
          </Product>
        </products>
      </SoldProducts>
    </User>
    <User>
      <firstName>Seymour</firstName>
      <lastName>Greatrex</lastName>
      <age>43</age>
      <SoldProducts>
        <count>4</count>
        <products>
          <Product>
            <name>MEDI-FIRST Non-Aspirin</name>
            <price>1301.28</price>
          </Product>
          <Product>
            <name>Echinacea Quartz Gum Support</name>
            <price>570.08</price>
          </Product>
          <Product>
            <name>Leflunomide</name>
            <price>312.85</price>
          </Product>
          <Product>
            <name>Enalapril Maleate</name>
            <price>72.71</price>
          </Product>
        </products>
      </SoldProducts>
    </User>
    <User>
      <firstName>Carine</firstName>
      <lastName>Louthe</lastName>
      <age>41</age>
      <SoldProducts>
        <count>4</count>
        <products>
          <Product>
            <name>XANTHIUM STRUMARIUM VAR CANADENSE POLLEN</name>
            <price>1091.38</price>
          </Product>
          <Product>
            <name>Enchanted Moments Mistletoe Kisses Hand Sanitizer</name>
            <price>384.99</price>
          </Product>
          <Product>
            <name>H-Rosacea Formula</name>
            <price>99.74</price>
          </Product>
          <Product>
            <name>Trihexyphenidyl Hydrochloride</name>
            <price>64.88</price>
          </Product>
        </products>
      </SoldProducts>
    </User>
    <User>
      <firstName>Murdoch</firstName>
      <lastName>Greensted</lastName>
      <age>34</age>
      <SoldProducts>
        <count>4</count>
        <products>
          <Product>
            <name>Etoposide</name>
            <price>1483.96</price>
          </Product>
          <Product>
            <name>Smooth texture Orange flavor</name>
            <price>976.65</price>
          </Product>
          <Product>
            <name>ISOPROPYL ALCOHOL</name>
            <price>339.48</price>
          </Product>
          <Product>
            <name>Allopurinol</name>
            <price>336.81</price>
          </Product>
        </products>
      </SoldProducts>
    </User>
    <User>
      <firstName>Devland</firstName>
      <lastName>Vazquez</lastName>
      <age>27</age>
      <SoldProducts>
        <count>1</count>
        <products>
          <Product>
            <name>AIR</name>
            <price>581.69</price>
          </Product>
        </products>
      </SoldProducts>
    </User>
    <User>
      <firstName>Almire</firstName>
      <lastName>Ainslee</lastName>
      <age>27</age>
      <SoldProducts>
        <count>2</count>
        <products>
          <Product>
            <name>Acnezzol Base</name>
            <price>710.60</price>
          </Product>
          <Product>
            <name>ENALAPRIL MALEATE</name>
            <price>210.42</price>
          </Product>
        </products>
      </SoldProducts>
    </User>
    <User>
      <firstName>Pier</firstName>
      <lastName>Prosser</lastName>
      <age>48</age>
      <SoldProducts>
        <count>2</count>
        <products>
          <Product>
            <name>Treatment Set TS336667</name>
            <price>1466.47</price>
          </Product>
          <Product>
            <name>Alternaria alternata</name>
            <price>61.24</price>
          </Product>
        </products>
      </SoldProducts>
    </User>
    <User>
      <firstName>Guthrie</firstName>
      <lastName>Hallyburton</lastName>
      <age>32</age>
      <SoldProducts>
        <count>3</count>
        <products>
          <Product>
            <name>Lorazepam</name>
            <price>1134.96</price>
          </Product>
          <Product>
            <name>PLANTAGO LANCEOLATA POLLEN</name>
            <price>561.68</price>
          </Product>
          <Product>
            <name>Albuterol</name>
            <price>108.95</price>
          </Product>
        </products>
      </SoldProducts>
    </User>
    <User>
      <firstName>Rabbi</firstName>
      <lastName>Bunten</lastName>
      <age>39</age>
      <SoldProducts>
        <count>3</count>
        <products>
          <Product>
            <name>Budpak Hemorrhoid Anesthetic</name>
            <price>1499.29</price>
          </Product>
          <Product>
            <name>Levothyroxine Sodium</name>
            <price>885.86</price>
          </Product>
          <Product>
            <name>LV-FX</name>
            <price>820.87</price>
          </Product>
        </products>
      </SoldProducts>
    </User>
    <User>
      <firstName>Lilly</firstName>
      <lastName>Frend</lastName>
      <age>23</age>
      <SoldProducts>
        <count>2</count>
        <products>
          <Product>
            <name>Aspergillus repens</name>
            <price>1231.42</price>
          </Product>
          <Product>
            <name>Strattera</name>
            <price>658.54</price>
          </Product>
        </products>
      </SoldProducts>
    </User>
    <User>
      <firstName>Kingsly</firstName>
      <lastName>Hosby</lastName>
      <age>47</age>
      <SoldProducts>
        <count>2</count>
        <products>
          <Product>
            <name>Prednisone</name>
            <price>1285.99</price>
          </Product>
          <Product>
            <name>EPZICOM</name>
            <price>895.65</price>
          </Product>
        </products>
      </SoldProducts>
    </User>
    <User>
      <firstName>Dominik</firstName>
      <lastName>Humpatch</lastName>
      <age>22</age>
      <SoldProducts>
        <count>3</count>
        <products>
          <Product>
            <name>Acetic Acid</name>
            <price>1060.43</price>
          </Product>
          <Product>
            <name>Prednisone</name>
            <price>550.72</price>
          </Product>
          <Product>
            <name>equaline</name>
            <price>520.45</price>
          </Product>
        </products>
      </SoldProducts>
    </User>
    <User>
      <firstName>Desiri</firstName>
      <lastName>Sumption</lastName>
      <age>35</age>
      <SoldProducts>
        <count>3</count>
        <products>
          <Product>
            <name>smart sense nicotine</name>
            <price>1444.12</price>
          </Product>
          <Product>
            <name>Myristica Argentum Sinus Relief</name>
            <price>904.52</price>
          </Product>
          <Product>
            <name>MOIST MOISTURE SKIN TONER</name>
            <price>152.43</price>
          </Product>
        </products>
      </SoldProducts>
    </User>
    <User>
      <firstName>Hartwell</firstName>
      <lastName>Gietz</lastName>
      <age>42</age>
      <SoldProducts>
        <count>3</count>
        <products>
          <Product>
            <name>Oxygen</name>
            <price>1242.92</price>
          </Product>
          <Product>
            <name>Head and Shoulders Conditioner</name>
            <price>1099.59</price>
          </Product>
          <Product>
            <name>up and up temporary minor arthritis pain relief</name>
            <price>1085.78</price>
          </Product>
        </products>
      </SoldProducts>
    </User>
    <User>
      <firstName>Nathanil</firstName>
      <lastName>Mence</lastName>
      <age>35</age>
      <SoldProducts>
        <count>3</count>
        <products>
          <Product>
            <name>Labetalol Hydrochloride</name>
            <price>1345.11</price>
          </Product>
          <Product>
            <name>Americaine</name>
            <price>1165.75</price>
          </Product>
          <Product>
            <name>CALMING DIAPER RASH</name>
            <price>700.92</price>
          </Product>
        </products>
      </SoldProducts>
    </User>
    <User>
      <firstName>Vinni</firstName>
      <lastName>Capaldo</lastName>
      <age>43</age>
      <SoldProducts>
        <count>3</count>
        <products>
          <Product>
            <name>Perrigo Benzoyl Peroxide</name>
            <price>873.24</price>
          </Product>
          <Product>
            <name>Pollens - Weeds and Garden Plants, Nettle Urtica dioica</name>
            <price>782.77</price>
          </Product>
          <Product>
            <name>Amitiza</name>
            <price>666.58</price>
          </Product>
        </products>
      </SoldProducts>
    </User>
    <User>
      <firstName>Kevyn</firstName>
      <lastName>Priestley</lastName>
      <age>22</age>
      <SoldProducts>
        <count>2</count>
        <products>
          <Product>
            <name>Glipizide</name>
            <price>621.78</price>
          </Product>
          <Product>
            <name>Cold and Cough</name>
            <price>218.14</price>
          </Product>
        </products>
      </SoldProducts>
    </User>
    <User>
      <firstName>Dannie</firstName>
      <lastName>Camellini</lastName>
      <age>47</age>
      <SoldProducts>
        <count>2</count>
        <products>
          <Product>
            <name>Clearskin</name>
            <price>968.59</price>
          </Product>
          <Product>
            <name>Pleo Ginkgo</name>
            <price>613.65</price>
          </Product>
        </products>
      </SoldProducts>
    </User>
    <User>
      <firstName>Wendel</firstName>
      <lastName>Stannering</lastName>
      <age>34</age>
      <SoldProducts>
        <count>2</count>
        <products>
          <Product>
            <name>Triamterene and Hydrochlorothiazide</name>
            <price>1416.59</price>
          </Product>
          <Product>
            <name>IOPE SUPER VITAL</name>
            <price>824.68</price>
          </Product>
        </products>
      </SoldProducts>
    </User>
    <User>
      <firstName>Jacquelin</firstName>
      <lastName>Fransoni</lastName>
      <age>22</age>
      <SoldProducts>
        <count>2</count>
        <products>
          <Product>
            <name>Eszopiclone</name>
            <price>405.03</price>
          </Product>
          <Product>
            <name>Allopurinol</name>
            <price>48.80</price>
          </Product>
        </products>
      </SoldProducts>
    </User>
    <User>
      <firstName>Fanny</firstName>
      <lastName>Millmoe</lastName>
      <age>21</age>
      <SoldProducts>
        <count>2</count>
        <products>
          <Product>
            <name>Stila Hydrating Primer Oil-Free SPF 30</name>
            <price>179.28</price>
          </Product>
          <Product>
            <name>U-max Multi BB</name>
            <price>137.16</price>
          </Product>
        </products>
      </SoldProducts>
    </User>
    <User>
      <firstName>Saxe</firstName>
      <lastName>Ivory</lastName>
      <age>33</age>
      <SoldProducts>
        <count>2</count>
        <products>
          <Product>
            <name>Azithromycin</name>
            <price>813.87</price>
          </Product>
          <Product>
            <name>Pioglitazone</name>
            <price>306.56</price>
          </Product>
        </products>
      </SoldProducts>
    </User>
    <User>
      <firstName>Clemmy</firstName>
      <lastName>Bremmer</lastName>
      <age>25</age>
      <SoldProducts>
        <count>2</count>
        <products>
          <Product>
            <name>Fosphenytoin Sodium</name>
            <price>1334.06</price>
          </Product>
          <Product>
            <name>Cefadroxil</name>
            <price>1302.20</price>
          </Product>
        </products>
      </SoldProducts>
    </User>
    <User>
      <firstName>Letizia</firstName>
      <lastName>Flukes</lastName>
      <age>49</age>
      <SoldProducts>
        <count>2</count>
        <products>
          <Product>
            <name>Dawn Ultra Antibacterial Hand</name>
            <price>969.86</price>
          </Product>
          <Product>
            <name>ANXIETY/STRESS RELIEF</name>
            <price>324.66</price>
          </Product>
        </products>
      </SoldProducts>
    </User>
    <User>
      <firstName>Emiline</firstName>
      <lastName>Gingold</lastName>
      <age>44</age>
      <SoldProducts>
        <count>1</count>
        <products>
          <Product>
            <name>DAYWEAR PLUS MULTI PROTECTION TINTED MOISTURIZER</name>
            <price>555.12</price>
          </Product>
        </products>
      </SoldProducts>
    </User>
    <User>
      <firstName>Ed</firstName>
      <lastName>Saxon</lastName>
      <age>23</age>
      <SoldProducts>
        <count>1</count>
        <products>
          <Product>
            <name>CD CAPTURE TOTALE Triple Correcting Serum Foundation Wrinkles-Dark Spots-Radiance with sunscreen Broad Spectrum SPF 25 010</name>
            <price>77.23</price>
          </Product>
        </products>
      </SoldProducts>
    </User>
    <User>
      <firstName>Bogey</firstName>
      <lastName>Grinyov</lastName>
      <age>44</age>
      <SoldProducts>
        <count>1</count>
        <products>
          <Product>
            <name>GEMCITABINE</name>
            <price>1468.11</price>
          </Product>
        </products>
      </SoldProducts>
    </User>
    <User>
      <firstName>Rosy</firstName>
      <lastName>Cromley</lastName>
      <age>37</age>
      <SoldProducts>
        <count>1</count>
        <products>
          <Product>
            <name>PredniSONE</name>
            <price>286.43</price>
          </Product>
        </products>
      </SoldProducts>
    </User>
    <User>
      <firstName>Brendin</firstName>
      <lastName>Predohl</lastName>
      <age>38</age>
      <SoldProducts>
        <count>1</count>
        <products>
          <Product>
            <name>Diastat</name>
            <price>614.14</price>
          </Product>
        </products>
      </SoldProducts>
    </User>
    <User>
      <firstName>Omar</firstName>
      <lastName>Jaffray</lastName>
      <age>26</age>
      <SoldProducts>
        <count>1</count>
        <products>
          <Product>
            <name>Metoprolol Tartrate</name>
            <price>1405.74</price>
          </Product>
        </products>
      </SoldProducts>
    </User>
  </users>
</Users>