<?xml version="1.0" encoding="utf-16"?>
<cars>
  <car make="Opel" model="Astra" travelled-distance="516628215">
    <parts>
      <part name="Welded assembly" price="1020.99" />
      <part name="Fuel filter" price="162.99" />
      <part name="Front Right Side Window motor" price="44.99" />
    </parts>
  </car>
  <car make="BMW" model="F20" travelled-distance="487897422">
    <parts>
      <part name="Fan blade" price="150.99" />
      <part name="Exhaust clamp and bracket" price="140.99" />
      <part name="Exhaust pipe" price="130.99" />
      <part name="Choke cable" price="130.99" />
      <part name="Differential seal" price="109.99" />
      <part name="Engine" price="100.99" />
      <part name="Windshield" price="100.99" />
      <part name="Front Left Side Window motor" price="56.99" />
      <part name="Gudgeon pin" price="44.99" />
      <part name="Crankshaft" price="4.99" />
      <part name="Drive belt" price="3.99" />
    </parts>
  </car>
  <car make="BMW" model="E67" travelled-distance="476830509">
    <parts>
      <part name="Cowl screen" price="1500.34" />
      <part name="Decklid" price="1060.34" />
      <part name="Fuel filter" price="162.99" />
      <part name="Fan blade" price="150.99" />
      <part name="Air blower" price="140.99" />
      <part name="Fuel rail" price="107.99" />
      <part name="Muffler" price="106.90" />
      <part name="Steering box" price="103.99" />
      <part name="Rear Right Quarter Glass" price="100.66" />
      <part name="Front Left Side Window motor" price="56.99" />
    </parts>
  </car>
  <car make="BMW" model="F25" travelled-distance="476132712">
    <parts>
      <part name="Exhaust pipe" price="130.99" />
      <part name="Engine shake damper and vibration absorber" price="100.99" />
      <part name="Window seal" price="100.99" />
      <part name="Rear Right Side Door Glass" price="100.90" />
      <part name="Fascia" price="100.34" />
      <part name="Back Door Outer Door Handle" price="43.99" />
    </parts>
  </car>
  <car make="BMW" model="M Roadster E85" travelled-distance="475685374">
    <parts>
      <part name="Front Right Outer door handle" price="999.99" />
      <part name="Rear Left Side Window motor" price="144.99" />
      <part name="Fuel cooler" price="140.99" />
      <part name="Water pump gasket" price="120.29" />
      <part name="Fuel pressure regulator" price="100.99" />
      <part name="Fascia" price="100.34" />
      <part name="Rocker arm" price="98.99" />
      <part name="Piston" price="94.99" />
      <part name="Rear Right Side Inner door handle" price="79.99" />
      <part name="Water pipe" price="44.94" />
      <part name="Speed reducer" price="14.99" />
    </parts>
  </car>
</cars>